Sno,Date,Province/State,Country,Last Update,Confirmed,Deaths,Recovered
1,01/22/2020 12:00:00,Anhui,China,01/22/2020 12:00:00,1,0,0
2,01/22/2020 12:00:00,Beijing,China,01/22/2020 12:00:00,14,0,0
3,01/22/2020 12:00:00,Chongqing,China,01/22/2020 12:00:00,6,0,0
4,01/22/2020 12:00:00,Fujian,China,01/22/2020 12:00:00,1,0,0
5,01/22/2020 12:00:00,Gansu,China,01/22/2020 12:00:00,0,0,0
6,01/22/2020 12:00:00,Guangdong,China,01/22/2020 12:00:00,26,0,0
7,01/22/2020 12:00:00,Guangxi,China,01/22/2020 12:00:00,2,0,0
8,01/22/2020 12:00:00,Guizhou,China,01/22/2020 12:00:00,1,0,0
9,01/22/2020 12:00:00,Hainan,China,01/22/2020 12:00:00,4,0,0
10,01/22/2020 12:00:00,Hebei,China,01/22/2020 12:00:00,1,0,0
11,01/22/2020 12:00:00,Heilongjiang,China,01/22/2020 12:00:00,0,0,0
12,01/22/2020 12:00:00,Henan,China,01/22/2020 12:00:00,5,0,0
13,01/22/2020 12:00:00,Hong Kong,China,01/22/2020 12:00:00,0,0,0
14,01/22/2020 12:00:00,Hubei,China,01/22/2020 12:00:00,444,0,0
15,01/22/2020 12:00:00,Hunan,China,01/22/2020 12:00:00,4,0,0
16,01/22/2020 12:00:00,Inner Mongolia,China,01/22/2020 12:00:00,0,0,0
17,01/22/2020 12:00:00,Jiangsu,China,01/22/2020 12:00:00,1,0,0
18,01/22/2020 12:00:00,Jiangxi,China,01/22/2020 12:00:00,2,0,0
19,01/22/2020 12:00:00,Jilin,China,01/22/2020 12:00:00,0,0,0
20,01/22/2020 12:00:00,Liaoning,China,01/22/2020 12:00:00,2,0,0
21,01/22/2020 12:00:00,Macau,China,01/22/2020 12:00:00,1,0,0
22,01/22/2020 12:00:00,Ningxia,China,01/22/2020 12:00:00,1,0,0
23,01/22/2020 12:00:00,Qinghai,China,01/22/2020 12:00:00,0,0,0
24,01/22/2020 12:00:00,Shaanxi,China,01/22/2020 12:00:00,0,0,0
25,01/22/2020 12:00:00,Shandong,China,01/22/2020 12:00:00,2,0,0
26,01/22/2020 12:00:00,Shanghai,China,01/22/2020 12:00:00,9,0,0
27,01/22/2020 12:00:00,Shanxi,China,01/22/2020 12:00:00,1,0,0
28,01/22/2020 12:00:00,Sichuan,China,01/22/2020 12:00:00,5,0,0
29,01/22/2020 12:00:00,Taiwan,China,01/22/2020 12:00:00,1,0,0
30,01/22/2020 12:00:00,Tianjin,China,01/22/2020 12:00:00,4,0,0
31,01/22/2020 12:00:00,Tibet,China,01/22/2020 12:00:00,0,0,0
32,01/22/2020 12:00:00,Washington,US,01/22/2020 12:00:00,1,0,0
33,01/22/2020 12:00:00,Xinjiang,China,01/22/2020 12:00:00,0,0,0
34,01/22/2020 12:00:00,Yunnan,China,01/22/2020 12:00:00,1,0,0
35,01/22/2020 12:00:00,Zhejiang,China,01/22/2020 12:00:00,10,0,0
36,01/22/2020 12:00:00,,Japan,01/22/2020 12:00:00,2,0,0
37,01/22/2020 12:00:00,,Thailand,01/22/2020 12:00:00,2,0,0
38,01/22/2020 12:00:00,,South Korea,01/22/2020 12:00:00,1,0,0
39,01/23/2020 12:00:00,Anhui,Mainland China,01/23/2020 12:00:00,9,0,0
40,01/23/2020 12:00:00,Beijing,Mainland China,01/23/2020 12:00:00,22,0,0
41,01/23/2020 12:00:00,Chongqing,Mainland China,01/23/2020 12:00:00,9,0,0
42,01/23/2020 12:00:00,Fujian,Mainland China,01/23/2020 12:00:00,5,0,0
43,01/23/2020 12:00:00,Gansu,Mainland China,01/23/2020 12:00:00,2,0,0
44,01/23/2020 12:00:00,Guangdong,Mainland China,01/23/2020 12:00:00,32,0,2
45,01/23/2020 12:00:00,Guangxi,Mainland China,01/23/2020 12:00:00,5,0,0
46,01/23/2020 12:00:00,Guizhou,Mainland China,01/23/2020 12:00:00,3,0,0
47,01/23/2020 12:00:00,Hainan,Mainland China,01/23/2020 12:00:00,5,0,0
48,01/23/2020 12:00:00,Hebei,Mainland China,01/23/2020 12:00:00,1,1,0
49,01/23/2020 12:00:00,Heilongjiang,Mainland China,01/23/2020 12:00:00,2,0,0
50,01/23/2020 12:00:00,Henan,Mainland China,01/23/2020 12:00:00,5,0,0
51,01/23/2020 12:00:00,Hong Kong,Hong Kong,01/23/2020 12:00:00,2,0,0
52,01/23/2020 12:00:00,Hubei,Mainland China,01/23/2020 12:00:00,444,17,28
53,01/23/2020 12:00:00,Hunan,Mainland China,01/23/2020 12:00:00,9,0,0
54,01/23/2020 12:00:00,Inner Mongolia,Mainland China,01/23/2020 12:00:00,0,0,0
55,01/23/2020 12:00:00,Jiangsu,Mainland China,01/23/2020 12:00:00,5,0,0
56,01/23/2020 12:00:00,Jiangxi,Mainland China,01/23/2020 12:00:00,7,0,0
57,01/23/2020 12:00:00,Jilin,Mainland China,01/23/2020 12:00:00,1,0,0
58,01/23/2020 12:00:00,Liaoning,Mainland China,01/23/2020 12:00:00,3,0,0
59,01/23/2020 12:00:00,Macau,Macau,01/23/2020 12:00:00,2,0,0
60,01/23/2020 12:00:00,Ningxia,Mainland China,01/23/2020 12:00:00,1,0,0
61,01/23/2020 12:00:00,Qinghai,Mainland China,01/23/2020 12:00:00,0,0,0
62,01/23/2020 12:00:00,Shaanxi,Mainland China,01/23/2020 12:00:00,3,0,0
63,01/23/2020 12:00:00,Shandong,Mainland China,01/23/2020 12:00:00,6,0,0
64,01/23/2020 12:00:00,Shanghai,Mainland China,01/23/2020 12:00:00,16,0,0
65,01/23/2020 12:00:00,Shanxi,Mainland China,01/23/2020 12:00:00,1,0,0
66,01/23/2020 12:00:00,Sichuan,Mainland China,01/23/2020 12:00:00,8,0,0
67,01/23/2020 12:00:00,Taiwan,Taiwan,01/23/2020 12:00:00,1,0,0
68,01/23/2020 12:00:00,Tianjin,Mainland China,01/23/2020 12:00:00,4,0,0
69,01/23/2020 12:00:00,Tibet,Mainland China,01/23/2020 12:00:00,0,0,0
70,01/23/2020 12:00:00,Washington,US,01/23/2020 12:00:00,1,0,0
71,01/23/2020 12:00:00,Xinjiang,Mainland China,01/23/2020 12:00:00,2,0,0
72,01/23/2020 12:00:00,Yunnan,Mainland China,01/23/2020 12:00:00,2,0,0
73,01/23/2020 12:00:00,Zhejiang,Mainland China,01/23/2020 12:00:00,27,0,0
74,01/23/2020 12:00:00,,Japan,01/23/2020 12:00:00,1,0,0
75,01/23/2020 12:00:00,,Thailand,01/23/2020 12:00:00,3,0,0
76,01/23/2020 12:00:00,,South Korea,01/23/2020 12:00:00,1,0,0
77,01/23/2020 12:00:00,,Singapore,01/23/2020 12:00:00,1,0,0
78,01/23/2020 12:00:00,,Philippines,01/23/2020 12:00:00,0,0,0
79,01/23/2020 12:00:00,,Malaysia,01/23/2020 12:00:00,0,0,0
80,01/23/2020 12:00:00,,Vietnam,01/23/2020 12:00:00,2,0,0
81,01/23/2020 12:00:00,,Australia,01/23/2020 12:00:00,0,0,0
82,01/23/2020 12:00:00,,Mexico,01/23/2020 12:00:00,0,0,0
83,01/23/2020 12:00:00,,Brazil,01/23/2020 12:00:00,0,0,0
84,01/24/2020 12:00:00,Hubei,Mainland China,01/24/2020 12:00:00,549,24,31
85,01/24/2020 12:00:00,Guangdong,Mainland China,01/24/2020 12:00:00,53,0,2
86,01/24/2020 12:00:00,Zhejiang,Mainland China,01/24/2020 12:00:00,43,0,1
87,01/24/2020 12:00:00,Beijing,Mainland China,01/24/2020 12:00:00,36,0,1
88,01/24/2020 12:00:00,Chongqing,Mainland China,01/24/2020 12:00:00,27,0,0
89,01/24/2020 12:00:00,Hunan,Mainland China,01/24/2020 12:00:00,24,0,0
90,01/24/2020 12:00:00,Guangxi,Mainland China,01/24/2020 12:00:00,23,0,0
91,01/24/2020 12:00:00,Shanghai,Mainland China,01/24/2020 12:00:00,20,0,1
92,01/24/2020 12:00:00,Jiangxi,Mainland China,01/24/2020 12:00:00,18,0,0
93,01/24/2020 12:00:00,Sichuan,Mainland China,01/24/2020 12:00:00,15,0,0
94,01/24/2020 12:00:00,Shandong,Mainland China,01/24/2020 12:00:00,15,0,0
95,01/24/2020 12:00:00,Anhui,Mainland China,01/24/2020 12:00:00,15,0,0
96,01/24/2020 12:00:00,Fujian,Mainland China,01/24/2020 12:00:00,10,0,0
97,01/24/2020 12:00:00,Henan,Mainland China,01/24/2020 12:00:00,9,0,0
98,01/24/2020 12:00:00,Jiangsu,Mainland China,01/24/2020 12:00:00,9,0,0
99,01/24/2020 12:00:00,Hainan,Mainland China,01/24/2020 12:00:00,8,0,0
100,01/24/2020 12:00:00,Tianjin,Mainland China,01/24/2020 12:00:00,8,0,0
101,01/24/2020 12:00:00,Yunnan,Mainland China,01/24/2020 12:00:00,5,0,0
102,01/24/2020 12:00:00,Shaanxi,Mainland China,01/24/2020 12:00:00,5,0,0
103,01/24/2020 12:00:00,Heilongjiang,Mainland China,01/24/2020 12:00:00,4,1,0
104,01/24/2020 12:00:00,Liaoning,Mainland China,01/24/2020 12:00:00,4,0,0
105,01/24/2020 12:00:00,Guizhou,Mainland China,01/24/2020 12:00:00,3,0,0
106,01/24/2020 12:00:00,Jilin,Mainland China,01/24/2020 12:00:00,3,0,0
107,01/24/2020 12:00:00,Taiwan,Taiwan,01/24/2020 12:00:00,3,0,0
108,01/24/2020 12:00:00,Ningxia,Mainland China,01/24/2020 12:00:00,2,0,0
109,01/24/2020 12:00:00,Hong Kong,Hong Kong,01/24/2020 12:00:00,2,0,0
110,01/24/2020 12:00:00,Macau,Macau,01/24/2020 12:00:00,2,0,0
111,01/24/2020 12:00:00,Hebei,Mainland China,01/24/2020 12:00:00,2,1,0
112,01/24/2020 12:00:00,Gansu,Mainland China,01/24/2020 12:00:00,2,0,0
113,01/24/2020 12:00:00,Xinjiang,Mainland China,01/24/2020 12:00:00,2,0,0
114,01/24/2020 12:00:00,Shanxi,Mainland China,01/24/2020 12:00:00,1,0,0
115,01/24/2020 12:00:00,Inner Mongolia,Mainland China,01/24/2020 12:00:00,1,0,0
116,01/24/2020 12:00:00,Qinghai,Mainland China,01/24/2020 12:00:00,0,0,0
117,01/24/2020 12:00:00,Washington,US,01/24/2020 12:00:00,1,0,0
118,01/24/2020 12:00:00,Chicago,US,01/24/2020 12:00:00,1,0,0
119,01/24/2020 12:00:00,,Japan,01/24/2020 12:00:00,2,0,0
120,01/24/2020 12:00:00,,Thailand,01/24/2020 12:00:00,5,0,0
121,01/24/2020 12:00:00,,South Korea,01/24/2020 12:00:00,2,0,0
122,01/24/2020 12:00:00,,Singapore,01/24/2020 12:00:00,3,0,0
123,01/24/2020 12:00:00,,Vietnam,01/24/2020 12:00:00,2,0,0
124,01/24/2020 12:00:00,,France,01/24/2020 16:00:00,2,0,0
125,01/25/2020 22:00:00,Hubei,Mainland China,01/25/2020 22:00:00,1052,52,42
126,01/25/2020 22:00:00,Zhejiang,Mainland China,01/25/2020 22:00:00,104,0,1
127,01/25/2020 22:00:00,Guangdong,Mainland China,01/25/2020 12:00:00,98,0,2
128,01/25/2020 22:00:00,Henan,Mainland China,01/25/2020 12:00:00,83,1,0
129,01/25/2020 22:00:00,Chongqing,Mainland China,01/25/2020 12:00:00,75,0,0
130,01/25/2020 22:00:00,Hunan,Mainland China,01/25/2020 12:00:00,69,0,0
131,01/25/2020 22:00:00,Anhui,Mainland China,01/25/2020 12:00:00,60,0,0
132,01/25/2020 22:00:00,Beijing,Mainland China,01/25/2020 12:00:00,51,0,2
133,01/25/2020 22:00:00,Sichuan,Mainland China,01/25/2020 12:00:00,44,0,0
134,01/25/2020 22:00:00,Shanghai,Mainland China,01/25/2020 12:00:00,40,1,1
135,01/25/2020 22:00:00,Shandong,Mainland China,01/25/2020 12:00:00,39,0,0
136,01/25/2020 22:00:00,Jiangxi,Mainland China,01/25/2020 12:00:00,36,0,0
137,01/25/2020 22:00:00,Guangxi,Mainland China,01/25/2020 12:00:00,33,0,0
138,01/25/2020 22:00:00,Jiangsu,Mainland China,01/25/2020 12:00:00,31,0,1
139,01/25/2020 22:00:00,Hainan,Mainland China,01/25/2020 12:00:00,19,0,0
140,01/25/2020 22:00:00,Liaoning,Mainland China,01/25/2020 12:00:00,19,0,0
141,01/25/2020 22:00:00,Fujian,Mainland China,01/25/2020 12:00:00,18,1,0
142,01/25/2020 22:00:00,Heilongjiang,Mainland China,01/25/2020 12:00:00,15,0,0
143,01/25/2020 22:00:00,Shaanxi,Mainland China,01/25/2020 12:00:00,15,0,0
144,01/25/2020 22:00:00,Tianjin,Mainland China,01/25/2020 12:00:00,13,0,0
145,01/25/2020 22:00:00,Hebei,Mainland China,01/25/2020 12:00:00,13,1,0
146,01/25/2020 22:00:00,Yunnan,Mainland China,01/25/2020 12:00:00,11,0,0
147,01/25/2020 22:00:00,Shanxi,Mainland China,01/25/2020 12:00:00,9,0,0
148,01/25/2020 22:00:00,Inner Mongolia,Mainland China,01/25/2020 12:00:00,7,0,0
149,01/25/2020 22:00:00,Gansu,Mainland China,01/25/2020 12:00:00,7,0,0
150,01/25/2020 22:00:00,Guizhou,Mainland China,01/25/2020 12:00:00,5,0,0
151,01/25/2020 22:00:00,Hong Kong,Hong Kong,01/25/2020 12:00:00,5,0,0
152,01/25/2020 22:00:00,Ningxia,Mainland China,01/25/2020 12:00:00,4,0,0
153,01/25/2020 22:00:00,Jilin,Mainland China,01/25/2020 12:00:00,4,0,0
154,01/25/2020 22:00:00,Xinjiang,Mainland China,01/25/2020 12:00:00,4,0,0
155,01/25/2020 22:00:00,Taiwan,Taiwan,01/25/2020 12:00:00,3,0,0
156,01/25/2020 22:00:00,Macau,Macau,01/25/2020 12:00:00,2,0,0
157,01/25/2020 22:00:00,Qinghai,Mainland China,01/25/2020 12:00:00,1,0,0
158,01/25/2020 22:00:00,Washington,US,01/25/2020 12:00:00,1,0,0
159,01/25/2020 22:00:00,Illinois,US,01/25/2020 12:00:00,1,0,0
160,01/25/2020 22:00:00,,Japan,01/25/2020 12:00:00,2,0,0
161,01/25/2020 22:00:00,,Thailand,01/25/2020 12:00:00,7,0,0
162,01/25/2020 22:00:00,,South Korea,01/25/2020 12:00:00,3,0,0
163,01/25/2020 22:00:00,,Singapore,01/25/2020 12:00:00,3,0,0
164,01/25/2020 22:00:00,,Vietnam,01/25/2020 12:00:00,2,0,0
165,01/25/2020 22:00:00,,France,01/25/2020 12:00:00,3,0,0
166,01/25/2020 22:00:00,,Australia,01/25/2020 12:00:00,4,0,0
167,01/25/2020 22:00:00,,Nepal,01/25/2020 12:00:00,1,0,0
168,01/25/2020 22:00:00,,Malaysia,01/25/2020 12:00:00,3,0,0
169,01/26/2020 23:00:00,Hubei,Mainland China,01/26/2020 23:00:00,1423,76,44
170,01/26/2020 23:00:00,Guangdong,Mainland China,01/26/2020 23:00:00,146,0,2
171,01/26/2020 23:00:00,Zhejiang,Mainland China,01/26/2020 23:00:00,128,0,1
172,01/26/2020 23:00:00,Henan,Mainland China,01/26/2020 23:00:00,128,1,0
173,01/26/2020 23:00:00,Chongqing,Mainland China,01/26/2020 23:00:00,110,0,0
174,01/26/2020 23:00:00,Hunan,Mainland China,01/26/2020 23:00:00,100,0,0
175,01/26/2020 23:00:00,Anhui,Mainland China,01/26/2020 23:00:00,70,0,0
176,01/26/2020 23:00:00,Sichuan,Mainland China,01/26/2020 23:00:00,69,0,0
177,01/26/2020 23:00:00,Beijing,Mainland China,01/26/2020 23:00:00,68,0,2
178,01/26/2020 23:00:00,Shandong,Mainland China,01/26/2020 23:00:00,63,0,0
179,01/26/2020 23:00:00,Shanghai,Mainland China,01/26/2020 23:00:00,53,1,1
180,01/26/2020 23:00:00,Jiangxi,Mainland China,01/26/2020 23:00:00,48,0,0
181,01/26/2020 23:00:00,Jiangsu,Mainland China,01/26/2020 23:00:00,47,0,1
182,01/26/2020 23:00:00,Guangxi,Mainland China,01/26/2020 23:00:00,46,0,0
183,01/26/2020 23:00:00,Fujian,Mainland China,01/26/2020 23:00:00,35,0,0
184,01/26/2020 23:00:00,Liaoning,Mainland China,01/26/2020 23:00:00,23,0,0
185,01/26/2020 23:00:00,Hainan,Mainland China,01/26/2020 23:00:00,22,0,0
186,01/26/2020 23:00:00,Shaanxi,Mainland China,01/26/2020 23:00:00,22,0,0
187,01/26/2020 23:00:00,Heilongjiang,Mainland China,01/26/2020 23:00:00,21,1,0
188,01/26/2020 23:00:00,Yunnan,Mainland China,01/26/2020 23:00:00,19,0,0
189,01/26/2020 23:00:00,Hebei,Mainland China,01/26/2020 23:00:00,18,1,0
190,01/26/2020 23:00:00,Tianjin,Mainland China,01/26/2020 23:00:00,14,0,0
191,01/26/2020 23:00:00,Gansu,Mainland China,01/26/2020 23:00:00,14,0,0
192,01/26/2020 23:00:00,Shanxi,Mainland China,01/26/2020 23:00:00,13,0,0
193,01/26/2020 23:00:00,Inner Mongolia,Mainland China,01/26/2020 23:00:00,11,0,0
194,01/26/2020 23:00:00,Hong Kong,Hong Kong,01/26/2020 23:00:00,8,0,0
195,01/26/2020 23:00:00,Guizhou,Mainland China,01/26/2020 23:00:00,7,0,0
196,01/26/2020 23:00:00,Jilin,Mainland China,01/26/2020 23:00:00,6,0,0
197,01/26/2020 23:00:00,Macau,Macau,01/26/2020 23:00:00,6,0,0
198,01/26/2020 23:00:00,Xinjiang,Mainland China,01/26/2020 23:00:00,5,0,0
199,01/26/2020 23:00:00,Ningxia,Mainland China,01/26/2020 23:00:00,4,0,0
200,01/26/2020 23:00:00,Taiwan,Taiwan,01/26/2020 23:00:00,4,0,0
201,01/26/2020 23:00:00,Qinghai,Mainland China,01/26/2020 23:00:00,4,0,0
202,01/26/2020 23:00:00,Washington,US,01/26/2020 23:00:00,1,0,0
203,01/26/2020 23:00:00,Illinois,US,01/26/2020 23:00:00,1,0,0
204,01/26/2020 23:00:00,California,US,01/26/2020 23:00:00,2,0,0
205,01/26/2020 23:00:00,Arizona,US,01/26/2020 23:00:00,1,0,0
206,01/26/2020 23:00:00,,Japan,01/26/2020 23:00:00,4,0,1
207,01/26/2020 23:00:00,,Thailand,01/26/2020 23:00:00,8,0,2
208,01/26/2020 23:00:00,,South Korea,01/26/2020 23:00:00,3,0,0
209,01/26/2020 23:00:00,,Singapore,01/26/2020 23:00:00,4,0,0
210,01/26/2020 23:00:00,,Vietnam,01/26/2020 23:00:00,2,0,0
211,01/26/2020 23:00:00,,France,01/26/2020 23:00:00,3,0,0
212,01/26/2020 23:00:00,,Australia,01/26/2020 23:00:00,4,0,0
213,01/26/2020 23:00:00,,Nepal,01/26/2020 23:00:00,1,0,0
214,01/26/2020 23:00:00,,Malaysia,01/26/2020 23:00:00,4,0,0
215,01/26/2020 23:00:00,Ontario,Canada,01/26/2020 23:00:00,1,0,0
216,01/27/2020 20:30:00,Hubei,Mainland China,01/27/2020 20:30:00,2714,100,47
217,01/27/2020 20:30:00,Zhejiang,Mainland China,01/27/2020 20:30:00,173,0,1
218,01/27/2020 20:30:00,Henan,Mainland China,01/27/2020 20:30:00,168,1,0
219,01/27/2020 20:30:00,Guangdong,Mainland China,01/27/2020 20:30:00,151,0,4
220,01/27/2020 20:30:00,Chongqing,Mainland China,01/27/2020 20:30:00,132,0,0
221,01/27/2020 20:30:00,Anhui,Mainland China,01/27/2020 20:30:00,106,0,0
222,01/27/2020 20:30:00,Hunan,Mainland China,01/27/2020 20:30:00,100,0,0
223,01/27/2020 20:30:00,Sichuan,Mainland China,01/27/2020 20:30:00,90,0,0
224,01/27/2020 20:30:00,Shandong,Mainland China,01/27/2020 20:30:00,87,1,0
225,01/27/2020 20:30:00,Beijing,Mainland China,01/27/2020 20:30:00,80,1,2
226,01/27/2020 20:30:00,Jiangxi,Mainland China,01/27/2020 20:30:00,72,0,2
227,01/27/2020 20:30:00,Jiangsu,Mainland China,01/27/2020 20:30:00,70,0,1
228,01/27/2020 20:30:00,Shanghai,Mainland China,01/27/2020 20:30:00,66,1,3
229,01/27/2020 20:30:00,Fujian,Mainland China,01/27/2020 20:30:00,59,0,0
230,01/27/2020 20:30:00,Guangxi,Mainland China,01/27/2020 20:30:00,51,0,0
231,01/27/2020 20:30:00,Shaanxi,Mainland China,01/27/2020 20:30:00,35,0,0
232,01/27/2020 20:30:00,Hainan,Mainland China,01/27/2020 20:30:00,33,1,0
233,01/27/2020 20:30:00,Hebei,Mainland China,01/27/2020 20:30:00,33,1,0
234,01/27/2020 20:30:00,Heilongjiang,Mainland China,01/27/2020 20:30:00,30,1,0
235,01/27/2020 20:30:00,Liaoning,Mainland China,01/27/2020 20:30:00,27,0,0
236,01/27/2020 20:30:00,Yunnan,Mainland China,01/27/2020 20:30:00,26,0,0
237,01/27/2020 20:30:00,Tianjin,Mainland China,01/27/2020 20:30:00,23,0,0
238,01/27/2020 20:30:00,Shanxi,Mainland China,01/27/2020 20:30:00,20,0,0
239,01/27/2020 20:30:00,Gansu,Mainland China,01/27/2020 20:30:00,19,0,0
240,01/27/2020 20:30:00,Inner Mongolia,Mainland China,01/27/2020 20:30:00,11,0,0
241,01/27/2020 20:30:00,Guizhou,Mainland China,01/27/2020 20:30:00,9,0,0
242,01/27/2020 20:30:00,Hong Kong,Hong Kong,01/27/2020 20:30:00,8,0,0
243,01/27/2020 20:30:00,Ningxia,Mainland China,01/27/2020 20:30:00,7,0,0
244,01/27/2020 20:30:00,Jilin,Mainland China,01/27/2020 20:30:00,6,0,0
245,01/27/2020 20:30:00,Macau,Macau,01/27/2020 20:30:00,6,0,0
246,01/27/2020 20:30:00,Qinghai,Mainland China,01/27/2020 20:30:00,6,0,0
247,01/27/2020 20:30:00,Taiwan,Taiwan,01/27/2020 20:30:00,5,0,0
248,01/27/2020 20:30:00,Xinjiang,Mainland China,01/27/2020 20:30:00,5,0,0
249,01/27/2020 20:30:00,Washington,US,01/27/2020 20:30:00,1,0,0
250,01/27/2020 20:30:00,Illinois,US,01/27/2020 20:30:00,1,0,0
251,01/27/2020 20:30:00,California,US,01/27/2020 20:30:00,2,0,0
252,01/27/2020 20:30:00,Arizona,US,01/27/2020 20:30:00,1,0,0
253,01/27/2020 20:30:00,,Japan,01/27/2020 20:30:00,4,0,1
254,01/27/2020 20:30:00,,Thailand,01/27/2020 20:30:00,8,0,2
255,01/27/2020 20:30:00,,South Korea,01/27/2020 20:30:00,4,0,0
256,01/27/2020 20:30:00,,Singapore,01/27/2020 20:30:00,5,0,0
257,01/27/2020 20:30:00,,Vietnam,01/27/2020 20:30:00,2,0,0
258,01/27/2020 20:30:00,,France,01/27/2020 20:30:00,3,0,0
259,01/27/2020 20:30:00,,Nepal,01/27/2020 20:30:00,1,0,0
260,01/27/2020 20:30:00,,Malaysia,01/27/2020 20:30:00,4,0,0
261,01/27/2020 20:30:00,Ontario,Canada,01/27/2020 20:30:00,1,0,0
262,01/27/2020 20:30:00,,Cambodia,01/27/2020 20:30:00,1,0,0
263,01/27/2020 20:30:00,,Sri Lanka,01/27/2020 20:30:00,1,0,0
264,01/27/2020 20:30:00,,Ivory Coast,01/27/2020 20:30:00,0,0,0
265,01/27/2020 20:30:00,New South Wales,Australia,01/27/2020 20:30:00,4,0,0
266,01/27/2020 20:30:00,Victoria,Australia,01/27/2020 20:30:00,1,0,0
267,01/27/2020 20:30:00,Bavaria,Germany,01/27/2020 20:30:00,1,0,0
268,01/28/2020 23:00:00,Hubei,Mainland China,01/28/2020 23:00:00,3554,125,80
269,01/28/2020 23:00:00,Zhejiang,Mainland China,01/28/2020 23:00:00,296,0,3
270,01/28/2020 23:00:00,Guangdong,Mainland China,01/28/2020 23:00:00,241,0,5
271,01/28/2020 23:00:00,Hunan,Mainland China,01/28/2020 23:00:00,221,0,0
272,01/28/2020 23:00:00,Henan,Mainland China,01/28/2020 23:00:00,206,2,1
273,01/28/2020 23:00:00,Anhui,Mainland China,01/28/2020 23:00:00,152,0,0
274,01/28/2020 23:00:00,Chongqing,Mainland China,01/28/2020 23:00:00,147,0,1
275,01/28/2020 23:00:00,Shandong,Mainland China,01/28/2020 23:00:00,121,0,0
276,01/28/2020 23:00:00,Jiangxi,Mainland China,01/28/2020 23:00:00,109,0,3
277,01/28/2020 23:00:00,Sichuan,Mainland China,01/28/2020 23:00:00,108,0,0
278,01/28/2020 23:00:00,Jiangsu,Mainland China,01/28/2020 23:00:00,99,0,1
279,01/28/2020 23:00:00,Beijing,Mainland China,01/28/2020 23:00:00,91,1,4
280,01/28/2020 23:00:00,Fujian,Mainland China,01/28/2020 23:00:00,82,0,0
281,01/28/2020 23:00:00,Shanghai,Mainland China,01/28/2020 23:00:00,80,1,4
282,01/28/2020 23:00:00,Guangxi,Mainland China,01/28/2020 23:00:00,58,0,2
283,01/28/2020 23:00:00,Shaanxi,Mainland China,01/28/2020 23:00:00,56,0,0
284,01/28/2020 23:00:00,Hebei,Mainland China,01/28/2020 23:00:00,48,1,0
285,01/28/2020 23:00:00,Yunnan,Mainland China,01/28/2020 23:00:00,44,0,0
286,01/28/2020 23:00:00,Hainan,Mainland China,01/28/2020 23:00:00,43,1,0
287,01/28/2020 23:00:00,Heilongjiang,Mainland China,01/28/2020 23:00:00,37,1,0
288,01/28/2020 23:00:00,Liaoning,Mainland China,01/28/2020 23:00:00,36,0,0
289,01/28/2020 23:00:00,Shanxi,Mainland China,01/28/2020 23:00:00,27,0,0
290,01/28/2020 23:00:00,Tianjin,Mainland China,01/28/2020 23:00:00,25,0,0
291,01/28/2020 23:00:00,Gansu,Mainland China,01/28/2020 23:00:00,24,0,0
292,01/28/2020 23:00:00,Inner Mongolia,Mainland China,01/28/2020 23:00:00,16,0,0
293,01/28/2020 23:00:00,Xinjiang,Mainland China,01/28/2020 23:00:00,13,0,0
294,01/28/2020 23:00:00,Ningxia,Mainland China,01/28/2020 23:00:00,12,0,0
295,01/28/2020 23:00:00,Guizhou,Mainland China,01/28/2020 23:00:00,9,0,0
296,01/28/2020 23:00:00,Jilin,Mainland China,01/28/2020 23:00:00,9,0,0
297,01/28/2020 23:00:00,Hong Kong,Hong Kong,01/28/2020 23:00:00,8,0,0
298,01/28/2020 23:00:00,Taiwan,Taiwan,01/28/2020 23:00:00,8,0,0
299,01/28/2020 23:00:00,Macau,Macau,01/28/2020 23:00:00,7,0,0
300,01/28/2020 23:00:00,Qinghai,Mainland China,01/28/2020 23:00:00,6,0,0
301,01/28/2020 23:00:00,Washington,US,01/28/2020 23:00:00,1,0,0
302,01/28/2020 23:00:00,Illinois,US,01/28/2020 23:00:00,1,0,0
303,01/28/2020 23:00:00,California,US,01/28/2020 23:00:00,2,0,0
304,01/28/2020 23:00:00,Arizona,US,01/28/2020 23:00:00,1,0,0
305,01/28/2020 23:00:00,,Japan,01/28/2020 23:00:00,7,0,1
306,01/28/2020 23:00:00,,Thailand,01/28/2020 23:00:00,14,0,5
307,01/28/2020 23:00:00,,South Korea,01/28/2020 23:00:00,4,0,0
308,01/28/2020 23:00:00,,Singapore,01/28/2020 23:00:00,7,0,0
309,01/28/2020 23:00:00,,Vietnam,01/28/2020 23:00:00,2,0,0
310,01/28/2020 23:00:00,,France,01/28/2020 23:00:00,4,0,0
311,01/28/2020 23:00:00,,Nepal,01/28/2020 23:00:00,1,0,0
312,01/28/2020 23:00:00,,Malaysia,01/28/2020 23:00:00,7,0,0
313,01/28/2020 23:00:00,Ontario,Canada,01/28/2020 23:00:00,1,0,0
314,01/28/2020 23:00:00,British Columbia,Canada,01/28/2020 23:00:00,1,0,0
315,01/28/2020 23:00:00,,Cambodia,01/28/2020 23:00:00,1,0,0
316,01/28/2020 23:00:00,,Sri Lanka,01/28/2020 23:00:00,1,0,0
317,01/28/2020 23:00:00,New South Wales,Australia,01/28/2020 23:00:00,4,0,0
318,01/28/2020 23:00:00,Victoria,Australia,01/28/2020 23:00:00,1,0,0
319,01/28/2020 23:00:00,Bavaria,Germany,01/28/2020 23:00:00,4,0,0
320,01/29/2020 21:00:00,Hubei,Mainland China,01/29/2020 21:00:00,4586,162,90
321,01/29/2020 21:00:00,Zhejiang,Mainland China,01/29/2020 21:00:00,428,0,4
322,01/29/2020 21:00:00,Guangdong,Mainland China,01/29/2020 21:00:00,311,0,6
323,01/29/2020 21:00:00,Henan,Mainland China,01/29/2020 21:00:00,278,2,2
324,01/29/2020 21:00:00,Hunan,Mainland China,01/29/2020 21:00:00,277,0,0
325,01/29/2020 21:00:00,Anhui,Mainland China,01/29/2020 21:00:00,200,0,2
326,01/29/2020 21:00:00,Chongqing,Mainland China,01/29/2020 21:00:00,165,0,1
327,01/29/2020 21:00:00,Jiangxi,Mainland China,01/29/2020 21:00:00,162,0,4
328,01/29/2020 21:00:00,Shandong,Mainland China,01/29/2020 21:00:00,145,0,1
329,01/29/2020 21:00:00,Sichuan,Mainland China,01/29/2020 21:00:00,142,1,1
330,01/29/2020 21:00:00,Jiangsu,Mainland China,01/29/2020 21:00:00,129,0,1
331,01/29/2020 21:00:00,Beijing,Mainland China,01/29/2020 21:00:00,111,1,4
332,01/29/2020 21:00:00,Shanghai,Mainland China,01/29/2020 21:00:00,101,1,5
333,01/29/2020 21:00:00,Fujian,Mainland China,01/29/2020 21:00:00,101,0,0
334,01/29/2020 21:00:00,Guangxi,Mainland China,01/29/2020 21:00:00,78,0,2
335,01/29/2020 21:00:00,Hebei,Mainland China,01/29/2020 21:00:00,65,1,0
336,01/29/2020 21:00:00,Shaanxi,Mainland China,01/29/2020 21:00:00,56,0,0
337,01/29/2020 21:00:00,Yunnan,Mainland China,01/29/2020 21:00:00,55,0,0
338,01/29/2020 21:00:00,Hainan,Mainland China,01/29/2020 21:00:00,43,1,0
339,01/29/2020 21:00:00,Heilongjiang,Mainland China,01/29/2020 21:00:00,43,1,0
340,01/29/2020 21:00:00,Liaoning,Mainland China,01/29/2020 21:00:00,39,0,1
341,01/29/2020 21:00:00,Shanxi,Mainland China,01/29/2020 21:00:00,35,0,1
342,01/29/2020 21:00:00,Tianjin,Mainland China,01/29/2020 21:00:00,27,0,0
343,01/29/2020 21:00:00,Gansu,Mainland China,01/29/2020 21:00:00,26,0,0
344,01/29/2020 21:00:00,Inner Mongolia,Mainland China,01/29/2020 21:00:00,16,0,0
345,01/29/2020 21:00:00,Jilin,Mainland China,01/29/2020 21:00:00,14,0,1
346,01/29/2020 21:00:00,Xinjiang,Mainland China,01/29/2020 21:00:00,14,0,0
347,01/29/2020 21:00:00,Guizhou,Mainland China,01/29/2020 21:00:00,12,0,1
348,01/29/2020 21:00:00,Ningxia,Mainland China,01/29/2020 21:00:00,12,0,0
349,01/29/2020 21:00:00,Hong Kong,Hong Kong,01/29/2020 21:00:00,10,0,0
350,01/29/2020 21:00:00,Taiwan,Taiwan,01/29/2020 21:00:00,8,0,0
351,01/29/2020 21:00:00,Macau,Macau,01/29/2020 21:00:00,7,0,0
352,01/29/2020 21:00:00,Qinghai,Mainland China,01/29/2020 21:00:00,6,0,0
353,01/29/2020 21:00:00,Tibet,Mainland China,01/29/2020 21:00:00,1,0,0
354,01/29/2020 21:00:00,Washington,US,01/29/2020 21:00:00,1,0,0
355,01/29/2020 21:00:00,Illinois,US,01/29/2020 21:00:00,1,0,0
356,01/29/2020 21:00:00,California,US,01/29/2020 21:00:00,2,0,0
357,01/29/2020 21:00:00,Arizona,US,01/29/2020 21:00:00,1,0,0
358,01/29/2020 21:00:00,,Japan,01/29/2020 21:00:00,11,0,1
359,01/29/2020 21:00:00,,Thailand,01/29/2020 21:00:00,14,0,5
360,01/29/2020 21:00:00,,South Korea,01/29/2020 21:00:00,4,0,0
361,01/29/2020 21:00:00,,Singapore,01/29/2020 21:00:00,10,0,0
362,01/29/2020 21:00:00,,Vietnam,01/29/2020 21:00:00,2,0,0
363,01/29/2020 21:00:00,,France,01/29/2020 21:00:00,5,0,0
364,01/29/2020 21:00:00,,Nepal,01/29/2020 21:00:00,1,0,0
365,01/29/2020 21:00:00,,Malaysia,01/29/2020 21:00:00,7,0,0
366,01/29/2020 21:00:00,Ontario,Canada,01/29/2020 21:00:00,2,0,0
367,01/29/2020 21:00:00,British Columbia,Canada,01/29/2020 21:00:00,1,0,0
368,01/29/2020 21:00:00,,Cambodia,01/29/2020 21:00:00,1,0,0
369,01/29/2020 21:00:00,,Sri Lanka,01/29/2020 21:00:00,1,0,0
370,01/29/2020 21:00:00,New South Wales,Australia,01/29/2020 21:00:00,4,0,0
371,01/29/2020 21:00:00,Victoria,Australia,01/29/2020 21:00:00,2,0,0
372,01/29/2020 21:00:00,Queensland,Australia,01/29/2020 21:00:00,1,0,0
373,01/29/2020 21:00:00,Bavaria,Germany,01/29/2020 21:00:00,4,0,0
374,01/29/2020 21:00:00,,Finland,01/29/2020 21:00:00,1,0,0
375,01/29/2020 21:00:00,,United Arab Emirates,01/29/2020 21:00:00,4,0,0
376,01/30/2020 21:30:00,Hubei,Mainland China,01/30/2020 21:30:00,5806,204,116
377,01/30/2020 21:30:00,Zhejiang,Mainland China,01/30/2020 21:30:00,537,0,9
378,01/30/2020 21:30:00,Guangdong,Mainland China,01/30/2020 21:30:00,393,0,11
379,01/30/2020 21:30:00,Henan,Mainland China,01/30/2020 21:30:00,352,2,3
380,01/30/2020 21:30:00,Hunan,Mainland China,01/30/2020 21:30:00,332,0,2
381,01/30/2020 21:30:00,Jiangxi,Mainland China,01/30/2020 21:30:00,240,0,7
382,01/30/2020 21:30:00,Anhui,Mainland China,01/30/2020 21:30:00,237,0,3
383,01/30/2020 21:30:00,Chongqing,Mainland China,01/30/2020 21:30:00,206,0,1
384,01/30/2020 21:30:00,Shandong,Mainland China,01/30/2020 21:30:00,178,0,2
385,01/30/2020 21:30:00,Sichuan,Mainland China,01/30/2020 21:30:00,177,1,1
386,01/30/2020 21:30:00,Jiangsu,Mainland China,01/30/2020 21:30:00,168,0,2
387,01/30/2020 21:30:00,Shanghai,Mainland China,01/30/2020 21:30:00,128,1,9
388,01/30/2020 21:30:00,Beijing,Mainland China,01/30/2020 21:30:00,121,1,5
389,01/30/2020 21:30:00,Fujian,Mainland China,01/30/2020 21:30:00,101,0,0
390,01/30/2020 21:30:00,Guangxi,Mainland China,01/30/2020 21:30:00,87,0,2
391,01/30/2020 21:30:00,Hebei,Mainland China,01/30/2020 21:30:00,82,1,0
392,01/30/2020 21:30:00,Yunnan,Mainland China,01/30/2020 21:30:00,76,0,0
393,01/30/2020 21:30:00,Shaanxi,Mainland China,01/30/2020 21:30:00,87,0,0
394,01/30/2020 21:30:00,Heilongjiang,Mainland China,01/30/2020 21:30:00,59,2,0
395,01/30/2020 21:30:00,Hainan,Mainland China,01/30/2020 21:30:00,50,1,1
396,01/30/2020 21:30:00,Liaoning,Mainland China,01/30/2020 21:30:00,45,0,1
397,01/30/2020 21:30:00,Shanxi,Mainland China,01/30/2020 21:30:00,39,0,1
398,01/30/2020 21:30:00,Tianjin,Mainland China,01/30/2020 21:30:00,32,0,0
399,01/30/2020 21:30:00,Gansu,Mainland China,01/30/2020 21:30:00,29,0,0
400,01/30/2020 21:30:00,Ningxia,Mainland China,01/30/2020 21:30:00,21,0,1
401,01/30/2020 21:30:00,Inner Mongolia,Mainland China,01/30/2020 21:30:00,20,0,0
402,01/30/2020 21:30:00,Xinjiang,Mainland China,01/30/2020 21:30:00,17,0,0
403,01/30/2020 21:30:00,Guizhou,Mainland China,01/30/2020 21:30:00,15,0,1
404,01/30/2020 21:30:00,Jilin,Mainland China,01/30/2020 21:30:00,14,0,1
405,01/30/2020 21:30:00,Hong Kong,Hong Kong,01/30/2020 21:30:00,12,0,0
406,01/30/2020 21:30:00,Taiwan,Taiwan,01/30/2020 21:30:00,9,0,0
407,01/30/2020 21:30:00,Qinghai,Mainland China,01/30/2020 21:30:00,8,0,0
408,01/30/2020 21:30:00,Macau,Macau,01/30/2020 21:30:00,7,0,0
409,01/30/2020 21:30:00,Tibet,Mainland China,01/30/2020 21:30:00,1,0,0
410,01/30/2020 21:30:00,Washington,US,01/30/2020 21:30:00,1,0,0
411,01/30/2020 21:30:00,Illinois,US,01/30/2020 21:30:00,2,0,0
412,01/30/2020 21:30:00,California,US,01/30/2020 21:30:00,2,0,0
413,01/30/2020 21:30:00,Arizona,US,01/30/2020 21:30:00,1,0,0
414,01/30/2020 21:30:00,,Japan,01/30/2020 21:30:00,11,0,1
415,01/30/2020 21:30:00,,Thailand,01/30/2020 21:30:00,14,0,5
416,01/30/2020 21:30:00,,South Korea,01/30/2020 21:30:00,6,0,0
417,01/30/2020 21:30:00,,Singapore,01/30/2020 21:30:00,10,0,0
418,01/30/2020 21:30:00,,Vietnam,01/30/2020 21:30:00,2,0,0
419,01/30/2020 21:30:00,,France,01/30/2020 21:30:00,5,0,0
420,01/30/2020 21:30:00,,Nepal,01/30/2020 21:30:00,1,0,0
421,01/30/2020 21:30:00,,Malaysia,01/30/2020 21:30:00,8,0,0
422,01/30/2020 21:30:00,Ontario,Canada,01/30/2020 21:30:00,2,0,0
423,01/30/2020 21:30:00,British Columbia,Canada,01/30/2020 21:30:00,1,0,0
424,01/30/2020 21:30:00,,Cambodia,01/30/2020 21:30:00,1,0,0
425,01/30/2020 21:30:00,,Sri Lanka,01/30/2020 21:30:00,1,0,0
426,01/30/2020 21:30:00,New South Wales,Australia,01/30/2020 21:30:00,4,0,2
427,01/30/2020 21:30:00,Victoria,Australia,01/30/2020 21:30:00,2,0,0
428,01/30/2020 21:30:00,Queensland,Australia,01/30/2020 21:30:00,3,0,0
429,01/30/2020 21:30:00,Bavaria,Germany,01/30/2020 21:30:00,4,0,0
430,01/30/2020 21:30:00,,Finland,01/30/2020 21:30:00,1,0,0
431,01/30/2020 21:30:00,,United Arab Emirates,01/30/2020 21:30:00,4,0,0
432,01/30/2020 21:30:00,,Philippines,01/30/2020 21:30:00,1,0,0
433,01/30/2020 21:30:00,,India,01/30/2020 21:30:00,1,0,0
434,01/30/2020 21:30:00,,Italy,01/30/2020 21:30:00,2,0,0
435,01/31/2020 19:00:00,Hubei,Mainland China,01/31/2020 19:00:00,7153,249,169
436,01/31/2020 19:00:00,Zhejiang,Mainland China,01/31/2020 19:00:00,537,0,14
437,01/31/2020 19:00:00,Guangdong,Mainland China,01/31/2020 19:00:00,436,0,10
438,01/31/2020 19:00:00,Henan,Mainland China,01/31/2020 19:00:00,352,2,3
439,01/31/2020 19:00:00,Hunan,Mainland China,01/31/2020 19:00:00,332,0,3
440,01/31/2020 19:00:00,Jiangxi,Mainland China,01/31/2020 19:00:00,240,0,7
441,01/31/2020 19:00:00,Chongqing,Mainland China,01/31/2020 19:00:00,238,1,1
442,01/31/2020 19:00:00,Anhui,Mainland China,01/31/2020 19:00:00,237,0,3
443,01/31/2020 19:00:00,Shandong,Mainland China,01/31/2020 19:00:00,184,0,2
444,01/31/2020 19:00:00,Sichuan,Mainland China,01/31/2020 19:00:00,177,1,1
445,01/31/2020 19:00:00,Jiangsu,Mainland China,01/31/2020 19:00:00,168,0,5
446,01/31/2020 19:00:00,Shanghai,Mainland China,01/31/2020 19:00:00,153,1,9
447,01/31/2020 19:00:00,Beijing,Mainland China,01/31/2020 19:00:00,139,1,5
448,01/31/2020 19:00:00,Fujian,Mainland China,01/31/2020 19:00:00,120,0,0
449,01/31/2020 19:00:00,Hebei,Mainland China,01/31/2020 19:00:00,96,1,0
450,01/31/2020 19:00:00,Guangxi,Mainland China,01/31/2020 19:00:00,88,0,2
451,01/31/2020 19:00:00,Shaanxi,Mainland China,01/31/2020 19:00:00,87,0,0
452,01/31/2020 19:00:00,Yunnan,Mainland China,01/31/2020 19:00:00,83,0,1
453,01/31/2020 19:00:00,Liaoning,Mainland China,01/31/2020 19:00:00,60,0,1
454,01/31/2020 19:00:00,Heilongjiang,Mainland China,01/31/2020 19:00:00,59,2,0
455,01/31/2020 19:00:00,Hainan,Mainland China,01/31/2020 19:00:00,58,1,1
456,01/31/2020 19:00:00,Shanxi,Mainland China,01/31/2020 19:00:00,47,0,1
457,01/31/2020 19:00:00,Gansu,Mainland China,01/31/2020 19:00:00,35,0,0
458,01/31/2020 19:00:00,Tianjin,Mainland China,01/31/2020 19:00:00,32,0,0
459,01/31/2020 19:00:00,Guizhou,Mainland China,01/31/2020 19:00:00,29,0,2
460,01/31/2020 19:00:00,Ningxia,Mainland China,01/31/2020 19:00:00,21,0,1
461,01/31/2020 19:00:00,Inner Mongolia,Mainland China,01/31/2020 19:00:00,20,0,0
462,01/31/2020 19:00:00,Xinjiang,Mainland China,01/31/2020 19:00:00,17,0,0
463,01/31/2020 19:00:00,Jilin,Mainland China,01/31/2020 19:00:00,14,0,1
464,01/31/2020 19:00:00,Hong Kong,Hong Kong,01/31/2020 19:00:00,13,0,0
465,01/31/2020 19:00:00,Taiwan,Taiwan,01/31/2020 19:00:00,10,0,0
466,01/31/2020 19:00:00,Qinghai,Mainland China,01/31/2020 19:00:00,8,0,0
467,01/31/2020 19:00:00,Macau,Macau,01/31/2020 19:00:00,7,0,0
468,01/31/2020 19:00:00,Tibet,Mainland China,01/31/2020 19:00:00,1,0,0
469,01/31/2020 19:00:00,Washington,US,01/31/2020 19:00:00,1,0,0
470,01/31/2020 19:00:00,Illinois,US,01/31/2020 19:00:00,2,0,0
471,01/31/2020 19:00:00,California,US,01/31/2020 19:00:00,3,0,0
472,01/31/2020 19:00:00,Arizona,US,01/31/2020 19:00:00,1,0,0
473,01/31/2020 19:00:00,,Japan,01/31/2020 19:00:00,17,0,1
474,01/31/2020 19:00:00,,Thailand,01/31/2020 19:00:00,19,0,7
475,01/31/2020 19:00:00,,South Korea,01/31/2020 19:00:00,11,0,0
476,01/31/2020 19:00:00,,Singapore,01/31/2020 19:00:00,16,0,0
477,01/31/2020 19:00:00,,Vietnam,01/31/2020 19:00:00,2,0,0
478,01/31/2020 19:00:00,,France,01/31/2020 19:00:00,6,0,0
479,01/31/2020 19:00:00,,Nepal,01/31/2020 19:00:00,1,0,0
480,01/31/2020 19:00:00,,Malaysia,01/31/2020 19:00:00,8,0,0
481,01/31/2020 19:00:00,Ontario,Canada,01/31/2020 19:00:00,2,0,0
482,01/31/2020 19:00:00,British Columbia,Canada,01/31/2020 19:00:00,1,0,0
483,01/31/2020 19:00:00,,Cambodia,01/31/2020 19:00:00,1,0,0
484,01/31/2020 19:00:00,,Sri Lanka,01/31/2020 19:00:00,1,0,0
485,01/31/2020 19:00:00,New South Wales,Australia,01/31/2020 19:00:00,4,0,2
486,01/31/2020 19:00:00,Victoria,Australia,01/31/2020 19:00:00,2,0,0
487,01/31/2020 19:00:00,Queensland,Australia,01/31/2020 19:00:00,3,0,0
488,01/31/2020 19:00:00,Bavaria,Germany,01/31/2020 19:00:00,7,0,0
489,01/31/2020 19:00:00,,Finland,01/31/2020 19:00:00,1,0,0
490,01/31/2020 19:00:00,,United Arab Emirates,01/31/2020 19:00:00,4,0,0
491,01/31/2020 19:00:00,,Philippines,01/31/2020 19:00:00,1,0,0
492,01/31/2020 19:00:00,,India,01/31/2020 19:00:00,1,0,0
493,01/31/2020 19:00:00,,Italy,01/31/2020 19:00:00,2,0,0
494,01/31/2020 19:00:00,,Sweden,01/31/2020 19:00:00,1,0,0
495,01/31/2020 19:00:00,,Russia,01/31/2020 19:00:00,2,0,0
496,01/31/2020 19:00:00,,Spain,01/31/2020 19:00:00,1,0,0
497,01/31/2020 19:00:00,,UK,01/31/2020 19:00:00,2,0,0
498,02/01/2020 23:00:00,Hubei,Mainland China,2020-01-02 23:33:00,9074,294,215
499,02/01/2020 23:00:00,Zhejiang,Mainland China,2020-02-02 02:13:00,661,0,23
500,02/01/2020 23:00:00,Guangdong,Mainland China,2020-02-02 01:23:00,604,0,14
501,02/01/2020 23:00:00,Henan,Mainland China,2020-02-02 00:53:00,493,2,4
502,02/01/2020 23:00:00,Hunan,Mainland China,2020-02-02 01:53:00,463,0,8
503,02/01/2020 23:00:00,Anhui,Mainland China,2020-02-02 01:33:00,340,0,5
504,02/01/2020 23:00:00,Jiangxi,Mainland China,2020-02-02 01:23:00,333,0,10
505,02/01/2020 23:00:00,Chongqing,Mainland China,2020-01-02 23:43:00,262,1,3
506,02/01/2020 23:00:00,Jiangsu,Mainland China,2020-02-02 01:13:00,236,0,6
507,02/01/2020 23:00:00,Sichuan,Mainland China,2020-02-02 01:03:00,231,1,3
508,02/01/2020 23:00:00,Shandong,Mainland China,2020-02-02 01:03:00,225,0,5
509,02/01/2020 23:00:00,Beijing,Mainland China,2020-02-02 03:05:00,183,1,9
510,02/01/2020 23:00:00,Shanghai,Mainland China,2020-02-02 00:23:00,177,1,10
511,02/01/2020 23:00:00,Fujian,Mainland China,2020-02-02 03:43:00,159,0,0
512,02/01/2020 23:00:00,Shaanxi,Mainland China,2020-02-02 03:23:00,116,0,0
513,02/01/2020 23:00:00,Guangxi,Mainland China,2020-02-02 00:23:00,111,0,2
514,02/01/2020 23:00:00,Hebei,Mainland China,2020-02-02 02:53:00,104,1,3
515,02/01/2020 23:00:00,Heilongjiang,Mainland China,2020-02-02 03:23:00,95,2,2
516,02/01/2020 23:00:00,Yunnan,Mainland China,2020-01-02 15:53:00,93,0,2
517,02/01/2020 23:00:00,Liaoning,Mainland China,2020-01-02 15:23:00,64,0,1
518,02/01/2020 23:00:00,Hainan,Mainland China,2020-02-02 01:03:00,63,1,1
519,02/01/2020 23:00:00,Shanxi,Mainland China,2020-01-02 23:33:00,56,0,1
520,02/01/2020 23:00:00,Tianjin,Mainland China,2020-02-02 02:03:00,45,0,0
521,02/01/2020 23:00:00,Gansu,Mainland China,2020-01-02 15:43:00,40,0,0
522,02/01/2020 23:00:00,Guizhou,Mainland China,2020-02-02 01:03:00,38,0,2
523,02/01/2020 23:00:00,Ningxia,Mainland China,2020-02-02 01:43:00,28,0,0
524,02/01/2020 23:00:00,Inner Mongolia,Mainland China,2020-02-02 03:43:00,27,0,1
525,02/01/2020 23:00:00,Jilin,Mainland China,2020-02-02 02:33:00,23,0,1
526,02/01/2020 23:00:00,Xinjiang,Mainland China,2020-02-02 00:43:00,21,0,0
527,02/01/2020 23:00:00,,Japan,2020-01-02 18:53:00,20,0,1
528,02/01/2020 23:00:00,,Thailand,1/31/2020 10:37,19,0,5
529,02/01/2020 23:00:00,,Singapore,2020-02-02 01:03:00,18,0,0
530,02/01/2020 23:00:00,,South Korea,2020-02-02 02:23:00,15,0,0
531,02/01/2020 23:00:00,Hong Kong,Hong Kong,2020-02-02 01:03:00,14,0,0
532,02/01/2020 23:00:00,Taiwan,Taiwan,1/31/2020 15:20,10,0,0
533,02/01/2020 23:00:00,Qinghai,Mainland China,2020-01-02 05:37:00,9,0,0
534,02/01/2020 23:00:00,,Germany,2020-01-02 23:33:00,8,0,0
535,02/01/2020 23:00:00,,Malaysia,1/31/2020 8:15,8,0,0
536,02/01/2020 23:00:00,Macau,Macau,1/31/2020 8:15,7,0,0
537,02/01/2020 23:00:00,,France,2020-01-02 01:52:00,6,0,0
538,02/01/2020 23:00:00,,Vietnam,2020-01-02 07:38:00,6,0,1
539,02/01/2020 23:00:00,New South Wales,Australia,2020-01-02 18:12:00,4,0,2
540,02/01/2020 23:00:00,Victoria,Australia,2020-01-02 18:12:00,4,0,0
541,02/01/2020 23:00:00,,United Arab Emirates,1/31/2020 8:15,4,0,0
542,02/01/2020 23:00:00,Queensland,Australia,2020-01-02 18:12:00,2,0,0
543,02/01/2020 23:00:00,Ontario,Canada,2020-01-02 18:12:00,3,0,0
544,02/01/2020 23:00:00,,Italy,1/31/2020 8:15,2,0,0
545,02/01/2020 23:00:00,,Philippines,2020-02-02 03:33:00,2,1,0
546,02/01/2020 23:00:00,,Russia,1/31/2020 16:13,2,0,0
547,02/01/2020 23:00:00,,UK,2020-01-02 01:52:00,2,0,0
548,02/01/2020 23:00:00,"Chicago, IL",US,2020-01-02 19:43:00,2,0,0
549,02/01/2020 23:00:00,South Australia,Australia,2020-01-02 18:12:00,2,0,0
550,02/01/2020 23:00:00,,Cambodia,1/31/2020 8:15,1,0,0
551,02/01/2020 23:00:00,British Columbia,Canada,2020-01-02 18:12:00,1,0,0
552,02/01/2020 23:00:00,,Finland,1/31/2020 8:15,1,0,0
553,02/01/2020 23:00:00,,India,1/31/2020 8:15,1,0,0
554,02/01/2020 23:00:00,Tibet,Mainland China,2020-01-02 01:52:00,1,0,0
555,02/01/2020 23:00:00,,Nepal,1/31/2020 8:15,1,0,0
556,02/01/2020 23:00:00,,Spain,2020-01-02 23:43:00,1,0,0
557,02/01/2020 23:00:00,,Sri Lanka,1/31/2020 8:15,1,0,0
558,02/01/2020 23:00:00,,Sweden,2020-01-02 02:13:00,1,0,0
559,02/01/2020 23:00:00,"Boston, MA",US,2020-01-02 19:43:00,1,0,0
560,02/01/2020 23:00:00,"Los Angeles, CA",US,2020-01-02 19:53:00,1,0,0
561,02/01/2020 23:00:00,"Orange, CA",US,2020-01-02 19:53:00,1,0,0
562,02/01/2020 23:00:00,"Santa Clara, CA",US,2020-01-02 19:53:00,1,0,0
563,02/01/2020 23:00:00,"Seattle, WA",US,2020-01-02 19:43:00,1,0,0
564,02/01/2020 23:00:00,"Tempe, AZ",US,2020-01-02 19:43:00,1,0,0
565,02/02/2020 21:00:00,Hubei,Mainland China,2020-02-02 23:43:00,11177,350,295
566,02/02/2020 21:00:00,Zhejiang,Mainland China,2020-03-02 01:33:00,724,0,36
567,02/02/2020 21:00:00,Guangdong,Mainland China,2020-03-02 01:33:00,683,0,15
568,02/02/2020 21:00:00,Henan,Mainland China,2020-03-02 01:03:00,566,2,14
569,02/02/2020 21:00:00,Hunan,Mainland China,2020-03-02 01:33:00,521,0,16
570,02/02/2020 21:00:00,Anhui,Mainland China,2020-03-02 00:53:00,408,0,7
571,02/02/2020 21:00:00,Jiangxi,Mainland China,2020-03-02 01:33:00,391,0,18
572,02/02/2020 21:00:00,Chongqing,Mainland China,2020-02-02 23:33:00,300,2,7
573,02/02/2020 21:00:00,Jiangsu,Mainland China,2020-03-02 01:03:00,271,0,7
574,02/02/2020 21:00:00,Sichuan,Mainland China,2020-03-02 01:03:00,254,1,12
575,02/02/2020 21:00:00,Shandong,Mainland China,2020-03-02 01:13:00,246,0,6
576,02/02/2020 21:00:00,Shanghai,Mainland China,2020-03-02 00:03:00,193,1,10
577,02/02/2020 21:00:00,Beijing,Mainland China,2020-02-02 08:43:00,191,1,9
578,02/02/2020 21:00:00,Fujian,Mainland China,2020-02-02 03:43:00,159,0,0
579,02/02/2020 21:00:00,Guangxi,Mainland China,2020-03-02 00:13:00,127,0,2
580,02/02/2020 21:00:00,Shaanxi,Mainland China,2020-02-02 03:23:00,116,0,0
581,02/02/2020 21:00:00,Hebei,Mainland China,2020-03-02 00:23:00,113,1,3
582,02/02/2020 21:00:00,Yunnan,Mainland China,2020-02-02 18:03:00,105,0,3
583,02/02/2020 21:00:00,Heilongjiang,Mainland China,2020-02-02 03:23:00,95,2,2
584,02/02/2020 21:00:00,Hainan,Mainland China,2020-03-02 00:43:00,71,1,4
585,02/02/2020 21:00:00,Liaoning,Mainland China,2020-02-02 18:03:00,70,0,1
586,02/02/2020 21:00:00,Shanxi,Mainland China,2020-02-02 23:23:00,66,0,3
587,02/02/2020 21:00:00,Gansu,Mainland China,2020-02-02 23:43:00,51,0,3
588,02/02/2020 21:00:00,Tianjin,Mainland China,2020-02-02 09:43:00,48,0,1
589,02/02/2020 21:00:00,Guizhou,Mainland China,2020-03-02 01:03:00,46,0,2
590,02/02/2020 21:00:00,Jilin,Mainland China,2020-03-02 00:53:00,31,0,1
591,02/02/2020 21:00:00,Ningxia,Mainland China,2020-02-02 01:43:00,28,0,0
592,02/02/2020 21:00:00,Inner Mongolia,Mainland China,2020-02-02 03:43:00,27,0,1
593,02/02/2020 21:00:00,Xinjiang,Mainland China,2020-03-02 01:13:00,24,0,0
594,02/02/2020 21:00:00,,Japan,2020-01-02 18:53:00,20,0,1
595,02/02/2020 21:00:00,,Thailand,1/31/2020 10:37,19,0,5
596,02/02/2020 21:00:00,,Singapore,2020-02-02 01:03:00,18,0,0
597,02/02/2020 21:00:00,Hong Kong,Hong Kong,2020-02-02 23:53:00,15,0,0
598,02/02/2020 21:00:00,,South Korea,2020-02-02 02:23:00,15,0,0
599,02/02/2020 21:00:00,Qinghai,Mainland China,2020-02-02 05:33:00,11,0,0
600,02/02/2020 21:00:00,,Germany,2020-02-02 18:03:00,10,0,0
601,02/02/2020 21:00:00,Taiwan,Taiwan,1/31/2020 15:20,10,0,0
602,02/02/2020 21:00:00,Macau,Macau,2020-02-02 04:23:00,8,0,0
603,02/02/2020 21:00:00,,Malaysia,1/31/2020 8:15,8,0,0
604,02/02/2020 21:00:00,,France,2020-01-02 01:52:00,6,0,0
605,02/02/2020 21:00:00,,Vietnam,2020-01-02 07:38:00,6,0,1
606,02/02/2020 21:00:00,,United Arab Emirates,2020-02-02 05:43:00,5,0,0
607,02/02/2020 21:00:00,New South Wales,Australia,2020-01-02 18:12:00,4,0,2
608,02/02/2020 21:00:00,Victoria,Australia,2020-01-02 18:12:00,4,0,0
609,02/02/2020 21:00:00,Ontario,Canada,2020-01-02 18:12:00,3,0,0
610,02/02/2020 21:00:00,Queensland,Australia,2020-02-02 22:33:00,2,0,0
611,02/02/2020 21:00:00,South Australia,Australia,2020-02-02 22:33:00,2,0,0
612,02/02/2020 21:00:00,,India,2020-02-02 06:03:00,2,0,0
613,02/02/2020 21:00:00,,Italy,1/31/2020 8:15,2,0,0
614,02/02/2020 21:00:00,,Philippines,2020-02-02 03:33:00,2,1,0
615,02/02/2020 21:00:00,,Russia,1/31/2020 16:13,2,0,0
616,02/02/2020 21:00:00,,UK,2020-01-02 01:52:00,2,0,0
617,02/02/2020 21:00:00,"Chicago, IL",US,2020-01-02 19:43:00,2,0,0
618,02/02/2020 21:00:00,"Santa Clara, CA",US,2020-03-02 00:43:00,2,0,0
619,02/02/2020 21:00:00,,Cambodia,1/31/2020 8:15,1,0,0
620,02/02/2020 21:00:00,British Columbia,Canada,2020-01-02 18:12:00,1,0,0
621,02/02/2020 21:00:00,,Finland,1/31/2020 8:15,1,0,0
622,02/02/2020 21:00:00,Tibet,Mainland China,2020-01-02 01:52:00,1,0,0
623,02/02/2020 21:00:00,,Nepal,1/31/2020 8:15,1,0,0
624,02/02/2020 21:00:00,,Spain,2020-01-02 23:43:00,1,0,0
625,02/02/2020 21:00:00,,Sri Lanka,1/31/2020 8:15,1,0,0
626,02/02/2020 21:00:00,,Sweden,2020-01-02 02:13:00,1,0,0
627,02/02/2020 21:00:00,"Boston, MA",US,2020-01-02 19:43:00,1,0,0
628,02/02/2020 21:00:00,"Los Angeles, CA",US,2020-01-02 19:53:00,1,0,0
629,02/02/2020 21:00:00,"Orange, CA",US,2020-01-02 19:53:00,1,0,0
630,02/02/2020 21:00:00,"Seattle, WA",US,2020-01-02 19:43:00,1,0,0
631,02/02/2020 21:00:00,"Tempe, AZ",US,2020-01-02 19:43:00,1,0,0
632,02/03/2020 21:40:00,Hubei,Mainland China,2020-04-02 01:23:00,13522,414,396
633,02/03/2020 21:40:00,Zhejiang,Mainland China,2020-04-02 01:43:00,829,0,48
634,02/03/2020 21:40:00,Guangdong,Mainland China,2020-04-02 01:43:00,797,0,21
635,02/03/2020 21:40:00,Henan,Mainland China,2020-04-02 01:23:00,675,2,20
636,02/03/2020 21:40:00,Hunan,Mainland China,2020-04-02 01:43:00,593,0,22
637,02/03/2020 21:40:00,Anhui,Mainland China,2020-04-02 00:43:00,480,0,14
638,02/03/2020 21:40:00,Jiangxi,Mainland China,2020-04-02 01:43:00,476,0,19
639,02/03/2020 21:40:00,Chongqing,Mainland China,2020-03-02 23:43:00,337,2,9
640,02/03/2020 21:40:00,Jiangsu,Mainland China,2020-04-02 01:03:00,308,0,8
641,02/03/2020 21:40:00,Sichuan,Mainland China,2020-04-02 01:43:00,282,1,14
642,02/03/2020 21:40:00,Shandong,Mainland China,2020-04-02 00:53:00,270,0,7
643,02/03/2020 21:40:00,Beijing,Mainland China,2020-03-02 09:23:00,212,1,12
644,02/03/2020 21:40:00,Shanghai,Mainland China,2020-04-02 00:13:00,208,1,10
645,02/03/2020 21:40:00,Fujian,Mainland China,2020-03-02 11:33:00,179,0,1
646,02/03/2020 21:40:00,Heilongjiang,Mainland China,2020-04-02 00:53:00,155,2,2
647,02/03/2020 21:40:00,Shaanxi,Mainland China,2020-04-02 02:33:00,142,0,1
648,02/03/2020 21:40:00,Guangxi,Mainland China,2020-04-02 00:33:00,139,0,7
649,02/03/2020 21:40:00,Hebei,Mainland China,2020-04-02 00:23:00,126,1,3
650,02/03/2020 21:40:00,Yunnan,Mainland China,2020-03-02 23:23:00,117,0,5
651,02/03/2020 21:40:00,Hainan,Mainland China,2020-04-02 00:43:00,79,1,4
652,02/03/2020 21:40:00,Liaoning,Mainland China,2020-03-02 17:11:00,74,0,1
653,02/03/2020 21:40:00,Shanxi,Mainland China,2020-03-02 23:13:00,74,0,2
654,02/03/2020 21:40:00,Tianjin,Mainland China,2020-03-02 13:53:00,60,0,1
655,02/03/2020 21:40:00,Guizhou,Mainland China,2020-04-02 01:03:00,56,0,2
656,02/03/2020 21:40:00,Gansu,Mainland China,2020-03-02 23:03:00,55,0,3
657,02/03/2020 21:40:00,Jilin,Mainland China,2020-04-02 00:23:00,42,0,1
658,02/03/2020 21:40:00,Inner Mongolia,Mainland China,2020-03-02 03:03:00,34,0,1
659,02/03/2020 21:40:00,Ningxia,Mainland China,2020-04-02 02:13:00,34,0,1
660,02/03/2020 21:40:00,Xinjiang,Mainland China,2020-04-02 01:33:00,29,0,0
661,02/03/2020 21:40:00,,Japan,2020-01-02 18:53:00,20,0,1
662,02/03/2020 21:40:00,,Thailand,1/31/20 10:37,19,0,5
663,02/03/2020 21:40:00,,Singapore,2020-02-02 01:03:00,18,0,0
664,02/03/2020 21:40:00,Hong Kong,Hong Kong,2020-02-02 23:53:00,15,0,0
665,02/03/2020 21:40:00,Qinghai,Mainland China,2020-04-02 01:33:00,15,0,0
666,02/03/2020 21:40:00,,South Korea,2020-02-02 02:23:00,15,0,0
667,02/03/2020 21:40:00,,Germany,2020-03-02 20:53:00,12,0,0
668,02/03/2020 21:40:00,Taiwan,Taiwan,1/31/20 15:20,10,0,0
669,02/03/2020 21:40:00,Macau,Macau,2020-02-02 04:23:00,8,0,0
670,02/03/2020 21:40:00,,Malaysia,1/31/20 8:15,8,0,0
671,02/03/2020 21:40:00,,Vietnam,2020-03-02 21:43:00,8,0,1
672,02/03/2020 21:40:00,,France,2020-01-02 01:52:00,6,0,0
673,02/03/2020 21:40:00,,United Arab Emirates,2020-02-02 05:43:00,5,0,0
674,02/03/2020 21:40:00,New South Wales,Australia,2020-01-02 18:12:00,4,0,2
675,02/03/2020 21:40:00,Victoria,Australia,2020-01-02 18:12:00,4,0,0
676,02/03/2020 21:40:00,,India,2020-03-02 21:43:00,3,0,0
677,02/03/2020 21:40:00,Queensland,Australia,2020-02-02 22:33:00,2,0,0
678,02/03/2020 21:40:00,South Australia,Australia,2020-02-02 22:33:00,2,0,0
679,02/03/2020 21:40:00,"Toronto, ON",Canada,2020-04-02 00:13:00,2,0,0
680,02/03/2020 21:40:00,,Italy,1/31/20 8:15,2,0,0
681,02/03/2020 21:40:00,,Philippines,2020-02-02 03:33:00,2,1,0
682,02/03/2020 21:40:00,,Russia,1/31/20 16:13,2,0,0
683,02/03/2020 21:40:00,,UK,2020-01-02 01:52:00,2,0,0
684,02/03/2020 21:40:00,"Chicago, IL",US,2020-01-02 19:43:00,2,0,0
685,02/03/2020 21:40:00,"San Benito, CA",US,2020-03-02 03:53:00,2,0,0
686,02/03/2020 21:40:00,"Santa Clara, CA",US,2020-03-02 00:43:00,2,0,0
687,02/03/2020 21:40:00,,Cambodia,1/31/20 8:15,1,0,0
688,02/03/2020 21:40:00,British Columbia,Canada,2020-01-02 18:12:00,1,0,0
689,02/03/2020 21:40:00,"London, ON",Canada,2020-04-02 00:03:00,1,0,0
690,02/03/2020 21:40:00,,Finland,1/31/20 8:15,1,0,0
691,02/03/2020 21:40:00,Tibet,Mainland China,2020-01-02 01:52:00,1,0,0
692,02/03/2020 21:40:00,,Nepal,1/31/20 8:15,1,0,0
693,02/03/2020 21:40:00,,Spain,2020-01-02 23:43:00,1,0,0
694,02/03/2020 21:40:00,,Sri Lanka,1/31/20 8:15,1,0,0
695,02/03/2020 21:40:00,,Sweden,2020-01-02 02:13:00,1,0,0
696,02/03/2020 21:40:00,"Boston, MA",US,2020-01-02 19:43:00,1,0,0
697,02/03/2020 21:40:00,"Los Angeles, CA",US,2020-01-02 19:53:00,1,0,0
698,02/03/2020 21:40:00,"Orange, CA",US,2020-01-02 19:53:00,1,0,0
699,02/03/2020 21:40:00,"Seattle, WA",US,2020-01-02 19:43:00,1,0,0
700,02/03/2020 21:40:00,"Tempe, AZ",US,2020-01-02 19:43:00,1,0,0
701,02/04/2020 22:00:00,Hubei,Mainland China,2020-04-02 23:43:00,16678,479,522
702,02/04/2020 22:00:00,Zhejiang,Mainland China,2020-05-02 01:33:00,895,0,63
703,02/04/2020 22:00:00,Guangdong,Mainland China,2020-05-02 02:03:00,870,0,32
704,02/04/2020 22:00:00,Henan,Mainland China,2020-05-02 01:13:00,764,2,41
705,02/04/2020 22:00:00,Hunan,Mainland China,2020-05-02 01:43:00,661,0,35
706,02/04/2020 22:00:00,Jiangxi,Mainland China,2020-05-02 01:33:00,548,0,27
707,02/04/2020 22:00:00,Anhui,Mainland China,2020-05-02 01:13:00,530,0,20
708,02/04/2020 22:00:00,Chongqing,Mainland China,2020-05-02 00:13:00,366,2,14
709,02/04/2020 22:00:00,Jiangsu,Mainland China,2020-05-02 02:43:00,341,0,13
710,02/04/2020 22:00:00,Sichuan,Mainland China,2020-05-02 00:53:00,301,1,23
711,02/04/2020 22:00:00,Shandong,Mainland China,2020-05-02 01:03:00,298,0,13
712,02/04/2020 22:00:00,Shanghai,Mainland China,2020-05-02 00:23:00,233,1,12
713,02/04/2020 22:00:00,Beijing,Mainland China,2020-04-02 08:33:00,228,1,23
714,02/04/2020 22:00:00,Fujian,Mainland China,2020-04-02 12:13:00,194,0,3
715,02/04/2020 22:00:00,Heilongjiang,Mainland China,2020-05-02 01:23:00,190,2,4
716,02/04/2020 22:00:00,Shaanxi,Mainland China,2020-05-02 02:43:00,165,0,2
717,02/04/2020 22:00:00,Guangxi,Mainland China,2020-05-02 00:43:00,150,0,10
718,02/04/2020 22:00:00,Hebei,Mainland China,2020-05-02 02:53:00,135,1,4
719,02/04/2020 22:00:00,Yunnan,Mainland China,2020-04-02 23:23:00,122,0,5
720,02/04/2020 22:00:00,Hainan,Mainland China,2020-05-02 02:53:00,91,1,4
721,02/04/2020 22:00:00,Liaoning,Mainland China,2020-04-02 14:13:00,81,0,2
722,02/04/2020 22:00:00,Shanxi,Mainland China,2020-04-02 23:23:00,81,0,4
723,02/04/2020 22:00:00,Tianjin,Mainland China,2020-04-02 13:33:00,67,0,2
724,02/04/2020 22:00:00,Guizhou,Mainland China,2020-05-02 01:23:00,64,0,5
725,02/04/2020 22:00:00,Gansu,Mainland China,2020-04-02 15:43:00,57,0,4
726,02/04/2020 22:00:00,Jilin,Mainland China,2020-05-02 00:43:00,54,0,1
727,02/04/2020 22:00:00,Inner Mongolia,Mainland China,2020-05-02 01:53:00,42,0,1
728,02/04/2020 22:00:00,Ningxia,Mainland China,2020-04-02 02:13:00,34,0,1
729,02/04/2020 22:00:00,Xinjiang,Mainland China,2020-05-02 02:03:00,32,0,0
730,02/04/2020 22:00:00,,Thailand,2020-04-02 15:33:00,25,0,5
731,02/04/2020 22:00:00,,Singapore,2020-04-02 15:33:00,24,0,0
732,02/04/2020 22:00:00,,Japan,2020-04-02 16:43:00,22,0,1
733,02/04/2020 22:00:00,Hong Kong,Hong Kong,2020-05-02 02:33:00,18,1,0
734,02/04/2020 22:00:00,Qinghai,Mainland China,2020-05-02 01:23:00,17,0,0
735,02/04/2020 22:00:00,,South Korea,2020-04-02 15:33:00,16,0,0
736,02/04/2020 22:00:00,,Germany,2020-03-02 20:53:00,12,0,0
737,02/04/2020 22:00:00,Taiwan,Taiwan,2020-04-02 14:53:00,11,0,0
738,02/04/2020 22:00:00,Macau,Macau,2020-04-02 04:43:00,10,0,0
739,02/04/2020 22:00:00,,Malaysia,2020-04-02 07:33:00,10,0,0
740,02/04/2020 22:00:00,,Vietnam,2020-03-02 21:43:00,8,0,1
741,02/04/2020 22:00:00,,France,2020-01-02 01:52:00,6,0,0
742,02/04/2020 22:00:00,,United Arab Emirates,2020-02-02 05:43:00,5,0,0
743,02/04/2020 22:00:00,New South Wales,Australia,2020-01-02 18:12:00,4,0,2
744,02/04/2020 22:00:00,Victoria,Australia,2020-01-02 18:12:00,4,0,0
745,02/04/2020 22:00:00,Queensland,Australia,2020-04-02 16:53:00,3,0,0
746,02/04/2020 22:00:00,,India,2020-03-02 21:43:00,3,0,0
747,02/04/2020 22:00:00,South Australia,Australia,2020-02-02 22:33:00,2,0,0
748,02/04/2020 22:00:00,"Toronto, ON",Canada,2020-04-02 00:13:00,2,0,0
749,02/04/2020 22:00:00,,Italy,1/31/20 8:15,2,0,0
750,02/04/2020 22:00:00,,Philippines,2020-02-02 03:33:00,2,1,0
751,02/04/2020 22:00:00,,Russia,1/31/20 16:13,2,0,0
752,02/04/2020 22:00:00,,UK,2020-01-02 01:52:00,2,0,0
753,02/04/2020 22:00:00,"Chicago, IL",US,2020-01-02 19:43:00,2,0,0
754,02/04/2020 22:00:00,"San Benito, CA",US,2020-03-02 03:53:00,2,0,0
755,02/04/2020 22:00:00,"Santa Clara, CA",US,2020-03-02 00:43:00,2,0,0
756,02/04/2020 22:00:00,,Belgium,2020-04-02 15:43:00,1,0,0
757,02/04/2020 22:00:00,,Cambodia,1/31/20 8:15,1,0,0
758,02/04/2020 22:00:00,British Columbia,Canada,2020-01-02 18:12:00,1,0,0
759,02/04/2020 22:00:00,"London, ON",Canada,2020-04-02 00:03:00,1,0,0
760,02/04/2020 22:00:00,,Finland,1/31/20 8:15,1,0,0
761,02/04/2020 22:00:00,Tibet,Mainland China,2020-01-02 01:52:00,1,0,0
762,02/04/2020 22:00:00,,Nepal,1/31/20 8:15,1,0,0
763,02/04/2020 22:00:00,,Spain,2020-01-02 23:43:00,1,0,0
764,02/04/2020 22:00:00,,Sri Lanka,1/31/20 8:15,1,0,0
765,02/04/2020 22:00:00,,Sweden,2020-01-02 02:13:00,1,0,0
766,02/04/2020 22:00:00,"Boston, MA",US,2020-01-02 19:43:00,1,0,0
767,02/04/2020 22:00:00,"Los Angeles, CA",US,2020-01-02 19:53:00,1,0,0
768,02/04/2020 22:00:00,"Orange, CA",US,2020-01-02 19:53:00,1,0,0
769,02/04/2020 22:00:00,"Seattle, WA",US,2020-01-02 19:43:00,1,0,0
770,02/04/2020 22:00:00,"Tempe, AZ",US,2020-01-02 19:43:00,1,0,0
